{
    "createDate": 1475081071740, 
    "property": {
        "status": null, 
        "letFurnishType": null, 
        "features": [
            {
                "featureDescription": "fitted kitchen", 
                "identifier": 237736096, 
                "sequence": 1
            }, 
            {
                "featureDescription": "2000", 
                "identifier": 237736099, 
                "sequence": 2
            }, 
            {
                "featureDescription": "swimming pool", 
                "identifier": 237736102, 
                "sequence": 3
            }, 
            {
                "featureDescription": "plot 67533.00qm", 
                "identifier": 237736105, 
                "sequence": 4
            }
        ], 
        "streetViewHeading": null, 
        "propertyType": "house", 
        "publicsiteUrl": "http://www.rightmove.co.uk/overseas-property/property-56255239.html", 
        "epcs": [], 
        "visible": true, 
        "mobileVirtualToursUrl": "http://www.rightmove.co.uk/overseas-property/mobile-virtualtour/property-56255239.html", 
        "exactLocationAvailable": false, 
        "sortDate": 1474926230000, 
        "googleAnalyticsLabel": "house 10 beds", 
        "streetViewPitch": null, 
        "autoEmailReasonType": "new", 
        "currencyCode": "\u20ac", 
        "mobileStreetViewUrl": "http://www.rightmove.co.uk/apps/streetview.html?propertyId=56255239", 
        "soldPricesUrl": null, 
        "zoomLevel": 13, 
        "branch": {
            "development": false, 
            "name": "Islas Baleares", 
            "branchLogo": "http://media.rightmove.co.uk/company/clogo_rmchoice_43315_0000.png", 
            "brandPlusResale": false, 
            "hideReducedPropsFlag": false, 
            "brandName": "Kensington International", 
            "updateDate": 1473163404000, 
            "address": "Plaza Hostals 33A  \r\n07320 Santa Mar\u00eda del Cam\u00ed\r\nIslas Baleares\r\n", 
            "identifier": 120280, 
            "brandPlusLettings": false, 
            "largeBranchLogo": "http://media.rightmove.co.uk/company/clogo_43315_0000.png"
        }, 
        "latitude": 42.40783, 
        "floorplanCount": 0, 
        "shouldShowPrice": true, 
        "transactionTypeId": 1, 
        "development": false, 
        "telephoneNumber": "03339 395918", 
        "marketInfoUrl": null, 
        "mobileVirtualToursNum": 0, 
        "mobilePropertyMapViewUrl": "http://www.rightmove.co.uk/apps/property-mapview.html?propertyId=56255239", 
        "price": 9000000, 
        "bedrooms": 10, 
        "streetViewLatitude": null, 
        "photos": [
            {
                "url": "http://media.rightmove.co.uk/121k/120280/56255239/120280_120280_20582_IMG_00_0000_max_620x414.jpg", 
                "identifier": 1155122104, 
                "type": "photograph", 
                "order": 1, 
                "thumbnailUrl": "http://media.rightmove.co.uk/121k/120280/56255239/120280_120280_20582_IMG_00_0000_max_200x138.jpg"
            }, 
            {
                "url": "http://media.rightmove.co.uk/121k/120280/56255239/120280_120280_20582_IMG_01_0000_max_620x414.jpg", 
                "identifier": 1155122146, 
                "type": "photograph", 
                "order": 2, 
                "thumbnailUrl": "http://media.rightmove.co.uk/121k/120280/56255239/120280_120280_20582_IMG_01_0000_max_200x138.jpg"
            }, 
            {
                "url": "http://media.rightmove.co.uk/121k/120280/56255239/120280_120280_20582_IMG_02_0000_max_620x414.jpg", 
                "identifier": 1155122140, 
                "type": "photograph", 
                "order": 3, 
                "thumbnailUrl": "http://media.rightmove.co.uk/121k/120280/56255239/120280_120280_20582_IMG_02_0000_max_200x138.jpg"
            }, 
            {
                "url": "http://media.rightmove.co.uk/121k/120280/56255239/120280_120280_20582_IMG_03_0000_max_620x414.jpg", 
                "identifier": 1155122191, 
                "type": "photograph", 
                "order": 4, 
                "thumbnailUrl": "http://media.rightmove.co.uk/121k/120280/56255239/120280_120280_20582_IMG_03_0000_max_200x138.jpg"
            }, 
            {
                "url": "http://media.rightmove.co.uk/121k/120280/56255239/120280_120280_20582_IMG_04_0000_max_620x414.jpg", 
                "identifier": 1155122176, 
                "type": "photograph", 
                "order": 5, 
                "thumbnailUrl": "http://media.rightmove.co.uk/121k/120280/56255239/120280_120280_20582_IMG_04_0000_max_200x138.jpg"
            }, 
            {
                "url": "http://media.rightmove.co.uk/121k/120280/56255239/120280_120280_20582_IMG_05_0000_max_620x414.jpg", 
                "identifier": 1155122167, 
                "type": "photograph", 
                "order": 6, 
                "thumbnailUrl": "http://media.rightmove.co.uk/121k/120280/56255239/120280_120280_20582_IMG_05_0000_max_200x138.jpg"
            }, 
            {
                "url": "http://media.rightmove.co.uk/121k/120280/56255239/120280_120280_20582_IMG_06_0000_max_620x414.jpg", 
                "identifier": 1155122128, 
                "type": "photograph", 
                "order": 7, 
                "thumbnailUrl": "http://media.rightmove.co.uk/121k/120280/56255239/120280_120280_20582_IMG_06_0000_max_200x138.jpg"
            }, 
            {
                "url": "http://media.rightmove.co.uk/121k/120280/56255239/120280_120280_20582_IMG_07_0000_max_620x414.jpg", 
                "identifier": 1155122152, 
                "type": "photograph", 
                "order": 8, 
                "thumbnailUrl": "http://media.rightmove.co.uk/121k/120280/56255239/120280_120280_20582_IMG_07_0000_max_200x138.jpg"
            }, 
            {
                "url": "http://media.rightmove.co.uk/121k/120280/56255239/120280_120280_20582_IMG_08_0000_max_620x414.jpg", 
                "identifier": 1155122203, 
                "type": "photograph", 
                "order": 9, 
                "thumbnailUrl": "http://media.rightmove.co.uk/121k/120280/56255239/120280_120280_20582_IMG_08_0000_max_200x138.jpg"
            }, 
            {
                "url": "http://media.rightmove.co.uk/121k/120280/56255239/120280_120280_20582_IMG_09_0000_max_620x414.jpg", 
                "identifier": 1155122221, 
                "type": "photograph", 
                "order": 10, 
                "thumbnailUrl": "http://media.rightmove.co.uk/121k/120280/56255239/120280_120280_20582_IMG_09_0000_max_200x138.jpg"
            }, 
            {
                "url": "http://media.rightmove.co.uk/121k/120280/56255239/120280_120280_20582_IMG_10_0000_max_620x414.jpg", 
                "identifier": 1155122227, 
                "type": "photograph", 
                "order": 11, 
                "thumbnailUrl": "http://media.rightmove.co.uk/121k/120280/56255239/120280_120280_20582_IMG_10_0000_max_200x138.jpg"
            }, 
            {
                "url": "http://media.rightmove.co.uk/121k/120280/56255239/120280_120280_20582_IMG_11_0000_max_620x414.jpg", 
                "identifier": 1155122122, 
                "type": "photograph", 
                "order": 12, 
                "thumbnailUrl": "http://media.rightmove.co.uk/121k/120280/56255239/120280_120280_20582_IMG_11_0000_max_200x138.jpg"
            }, 
            {
                "url": "http://media.rightmove.co.uk/121k/120280/56255239/120280_120280_20582_IMG_12_0000_max_620x414.jpg", 
                "identifier": 1155122197, 
                "type": "photograph", 
                "order": 13, 
                "thumbnailUrl": "http://media.rightmove.co.uk/121k/120280/56255239/120280_120280_20582_IMG_12_0000_max_200x138.jpg"
            }, 
            {
                "url": "http://media.rightmove.co.uk/121k/120280/56255239/120280_120280_20582_IMG_13_0000_max_620x414.jpg", 
                "identifier": 1155122092, 
                "type": "photograph", 
                "order": 14, 
                "thumbnailUrl": "http://media.rightmove.co.uk/121k/120280/56255239/120280_120280_20582_IMG_13_0000_max_200x138.jpg"
            }, 
            {
                "url": "http://media.rightmove.co.uk/121k/120280/56255239/120280_120280_20582_IMG_14_0000_max_620x414.jpg", 
                "identifier": 1155122134, 
                "type": "photograph", 
                "order": 15, 
                "thumbnailUrl": "http://media.rightmove.co.uk/121k/120280/56255239/120280_120280_20582_IMG_14_0000_max_200x138.jpg"
            }, 
            {
                "url": "http://media.rightmove.co.uk/121k/120280/56255239/120280_120280_20582_IMG_15_0000_max_620x414.jpg", 
                "identifier": 1155122185, 
                "type": "photograph", 
                "order": 16, 
                "thumbnailUrl": "http://media.rightmove.co.uk/121k/120280/56255239/120280_120280_20582_IMG_15_0000_max_200x138.jpg"
            }, 
            {
                "url": "http://media.rightmove.co.uk/121k/120280/56255239/120280_120280_20582_IMG_16_0000_max_620x414.jpg", 
                "identifier": 1155122098, 
                "type": "photograph", 
                "order": 17, 
                "thumbnailUrl": "http://media.rightmove.co.uk/121k/120280/56255239/120280_120280_20582_IMG_16_0000_max_200x138.jpg"
            }, 
            {
                "url": "http://media.rightmove.co.uk/121k/120280/56255239/120280_120280_20582_IMG_17_0000_max_620x414.jpg", 
                "identifier": 1155122173, 
                "type": "photograph", 
                "order": 18, 
                "thumbnailUrl": "http://media.rightmove.co.uk/121k/120280/56255239/120280_120280_20582_IMG_17_0000_max_200x138.jpg"
            }, 
            {
                "url": "http://media.rightmove.co.uk/121k/120280/56255239/120280_120280_20582_IMG_18_0000_max_620x414.jpg", 
                "identifier": 1155122215, 
                "type": "photograph", 
                "order": 19, 
                "thumbnailUrl": "http://media.rightmove.co.uk/121k/120280/56255239/120280_120280_20582_IMG_18_0000_max_200x138.jpg"
            }, 
            {
                "url": "http://media.rightmove.co.uk/121k/120280/56255239/120280_120280_20582_IMG_19_0000_max_620x414.jpg", 
                "identifier": 1155122158, 
                "type": "photograph", 
                "order": 20, 
                "thumbnailUrl": "http://media.rightmove.co.uk/121k/120280/56255239/120280_120280_20582_IMG_19_0000_max_200x138.jpg"
            }, 
            {
                "url": "http://media.rightmove.co.uk/121k/120280/56255239/120280_120280_20582_IMG_20_0000_max_620x414.jpg", 
                "identifier": 1155122209, 
                "type": "photograph", 
                "order": 21, 
                "thumbnailUrl": "http://media.rightmove.co.uk/121k/120280/56255239/120280_120280_20582_IMG_20_0000_max_200x138.jpg"
            }
        ], 
        "premiumDisplay": false, 
        "address": "07320, Santa Mar\u00eda, Spain", 
        "agentRef": "120280_20582", 
        "virtualTours": [], 
        "showLettingFeesMessage": false, 
        "photoCount": 21, 
        "schoolCheckerUrl": null, 
        "dateShortlisted": null, 
        "photoLargeThumbnailUrl": "http://media.rightmove.co.uk/dir/121k/120280/56255239/120280_120280_20582_IMG_00_0000_max_656x437.jpg", 
        "photoThumbnailUrl": "http://media.rightmove.co.uk/121k/120280/120280_120280_20582_IMG_00_0000.jpg", 
        "fullDescription": "This outstanding estate is privately situated on an extensive plot of flat land in the charming countryside on the outskirts of the sought after village of Santa Maria and enjoys unending panoramic views reaching the mountains beyond. The residence is equipped with every imaginable luxury; extensive well maintained gardens with fruit orchards, a private lake with fountain, riding area and horseboxes, an indoor pool with fitness area and various outbuildings. The main residence is reached by a majestic drive-way, its luxurious interior offer grand living areas designed in a traditional style and a total of twelve bedroom suites with nine bathroom distributed over the various buildings. The serenity and absolute tranquility can be enjoyed from every angle of the exceptional finca.  <br /> <br />For privacy reasons we can not display full details and more pictures of this exclusive property. At request we are very pleased to provide you with the complete brochure.", 
        "longitude": -0.74853, 
        "summary": "This outstanding estate is privately situated on an extensive plot of flat land in the charming countryside on the outskirts of the sought after village of Santa Maria and enjoys unending panoramic views reaching the mountains beyond. The residence is equipped with every imaginable luxury; extens...", 
        "showMap": true, 
        "epcGraphs": [], 
        "priceQualifier": "", 
        "floorplans": [], 
        "updateDate": 1475012841000, 
        "streetViewLongitude": null, 
        "showStreetView": true, 
        "overseas": true, 
        "identifier": 56255239, 
        "streetViewZoom": null
    }, 
    "result": "SUCCESS"
}